date,dist_m,mov_s,note
2020-12-31,8066.2,2947,
2021-01-03,3637.3,1204,
2021-01-04,9662.4,2990,
2021-01-05,3232,856,
2021-01-07,8575.1,2937,
2021-01-09,3701.8,1296,
2021-01-10,10786.9,3335,
2021-01-12,3223.1,1105,
2021-01-13,12887.8,4129,
2021-01-15,4841.1,1337,
2021-01-16,3107.3,1118,
2021-01-20,3232.7,1056,
2021-01-22,11280.1,3689,
2021-01-25,4412,1513,
2021-01-28,1625.8,559,
2021-02-01,12879.5,4020,
2021-02-04,3224.3,1166,
2021-02-06,21249.9,6190,HM_solo
2021-02-12,4316.4,1719,
2021-02-14,6442.9,1964,
2021-02-17,6447.4,2043,
2021-02-23,4563.5,1623,
2021-02-24,2616.7,971,
2021-02-28,12883.3,4024,
2021-03-02,3231.6,855,
2021-03-04,3407.9,1175,
2021-03-07,10219.4,3784,
2021-03-09,6443.6,1989,
2021-03-16,1971.6,618,
2021-03-22,4841.9,1502,
2021-03-24,3023.7,914,
2021-03-29,9664,2954,
2021-05-01,5224,1926,
2021-05-04,5149.91,1560,
2021-05-07,4229,1281,
2021-05-12,10039.2,2687,10k_max_effort
2021-06-06,5075.6,1771,
2021-07-04,8055.4,2428,
2021-07-27,5159.7,1362,
2021-08-05,10692.1,3967,
2021-08-08,8052.1,3030,
2021-08-12,8956.7,3374,
2021-08-22,3290.99,1212,
2021-09-07,3817.28,1200,
2021-09-08,5741.8,1826,
2021-09-13,5049,1424,
2021-09-14,4819.1,2327,
2021-09-16,9648.4,3749,
2021-09-20,9674.1,2718,
2021-09-26,21211.8,6146,RACE_Hackney_half
2021-10-11,4105.7,1314,
2021-11-20,3689.44,1192,
2022-01-11,2935.19,912,
2022-01-17,3888.82,1188,
2022-01-31,5116.58,1711,
2022-02-14,5560.1,1950,
2022-02-27,9815.51,3779,
2022-03-03,4457.02,1543,
2022-03-05,6510.4,2129,
2022-03-12,3646.96,1383,
2022-03-15,5207.4,1571,
2022-03-19,5174.42,1588,
2022-03-22,4333.47,1456,
2022-05-09,2030.6,919,
2022-05-12,4882.7,1717,post_shoulder_surgery
2022-05-16,10019.8,3564,
2022-05-22,21256.8,7165,RACE_Hackney_half
2022-05-30,1855.9,611,
2022-06-06,3725.17,1212,
2022-06-07,5091.17,1755,
2022-06-13,5178.03,1653,
2022-06-17,5028.41,1724,
2022-06-22,3591.95,1280,
2022-06-23,4195.4,1416,
2022-07-12,7251.1,2586,
2022-07-14,4249.42,1422,
2022-07-20,5885.68,1982,
2022-07-24,8330.43,2757,
2022-07-27,4255.79,1368,
2022-08-08,5174.19,1468,
2022-08-14,2987.55,965,
2022-08-16,9153.93,2992,
2022-08-21,3273.29,1241,
2022-08-24,2611.2,1027,
2022-09-06,6797.73,2366,
2022-09-14,5149.04,1731,
2022-09-21,5940.81,1900,
2022-10-09,5216.62,1431,
2022-10-19,3342.13,1034,
2022-10-28,3911.75,1195,
2022-10-30,5161.41,2069,
2022-11-03,8130.69,2415,
2022-11-09,4349.44,1453,
2022-11-19,5158.27,1483,
2022-11-23,4759.46,1639,
2022-11-29,5198.92,1420,
2022-12-30,6447.25,1876,
2022-12-31,3235.61,1074,
2023-01-08,5883.89,2176,
2023-01-12,4325.8,1491,
2023-01-13,5168.85,1367,
2023-01-18,3521.77,1271,
2023-01-21,10375.4,3081,
2023-01-22,5277.81,2029,
2023-02-05,4947.44,1785,
2023-02-17,3861.39,1251,
2023-02-18,4855.04,1478,
2023-02-19,5643.69,1633,
2023-02-25,10326.7,2934,
2023-02-26,4091.2,1318,
2023-02-28,3640,1177,
2023-03-03,5198.78,1373,
2023-03-04,5290.86,1460,
2023-03-05,4100.48,1452,
2023-03-12,10049.5,3384,
2023-03-14,5045.62,1659,
2023-03-18,5074.5,1279,
2023-03-28,3815.23,1186,
2023-04-01,6639,1892,
2023-04-02,12932.3,4556,
2023-04-05,3482.24,1204,
2023-04-09,10084.7,2764,
2023-04-12,5067.44,1392,
2023-04-16,5065.13,1595,
2023-04-18,5183.38,1346,
2023-04-23,5580.32,1736,
2023-05-01,3646.07,1088,
2023-05-06,10314.8,2891,
2023-05-08,10101.1,2778,
2023-05-13,3787.43,1198,
2023-05-14,5200.76,1435,
2023-05-21,21123.2,6169,RACE_Hackney_half
2023-05-29,2717.98,949,
2023-06-09,3907.51,1227,
2023-06-10,5804.24,2309,
2023-06-13,7322.01,2178,
2023-06-17,9732.59,3088,
2023-06-20,9928.48,4166,TRACK
2023-06-24,10104.8,3951,
2023-06-28,6659.88,1995,
2023-06-29,3243.16,1087,
2023-07-02,15060.7,4756,
2023-07-04,9377.79,3356,TRACK
2023-07-07,6799.79,2215,
2023-07-08,10038.4,3102,
2023-07-11,10177.5,3640,TRACK
2023-07-12,7583.96,2508,
2023-07-14,6932.37,2234,
2023-07-15,5254.44,1470,
2023-07-15,5037.7,1378,
2023-07-18,9067.74,3300,TRACK
2023-07-20,10075.4,3678,TRAIL
2023-07-20,3600.55,1071,
2023-07-21,11023.4,3246,
2023-07-25,10014,3394,TRACK
2023-07-25,2518.31,873,
2023-07-26,9632.08,3101,
2023-07-27,10528.9,3833,TRAIL
2023-07-28,10505.6,3096,
2023-08-01,10637,3697,TRACK
2023-08-02,12002.5,3978,
2023-08-04,5031.41,1369,
2023-08-05,12485.7,3962,
2023-08-05,2555.02,709,
2023-08-08,11945.4,3304,TRACK
2023-08-10,10057,3645,TRAIL
2023-08-11,8366.63,2324,
2023-08-12,21218.8,6465,
2023-08-16,8807.49,2781,
2023-08-17,10019.6,3682,TRAIL
2023-08-18,10035.2,2884,
2023-08-19,12877.3,3517,
2023-08-22,9488.42,2628,TRACK
2023-08-23,9875.55,3091,
2023-08-24,8031.64,3011,TRAIL
2023-08-25,13028.4,3813,
2023-08-28,10027.3,2520,
2023-09-01,5711.92,1731,
2023-09-03,21012.5,5714,RACE_Big_half
2023-09-05,7360.7,1984,TRACK
2023-09-06,8258.8,2724,
2023-09-07,6945.98,2825,TRAIL
2023-09-11,4291.7,1426,
2023-09-12,8039.61,2583,
2023-09-13,11034.7,3601,
2023-09-17,6010.66,1989,
2023-09-21,10153.1,2719,
2023-09-22,7010.48,3038,
2023-09-24,21164,6866,RACE_Notts_half_pacing
2023-09-29,5022.68,1285,
2023-09-30,10016,2692,
2023-10-01,18221.7,6743,TRAIL
2023-10-01,3017.63,1037,
2023-10-03,5031.59,1652,
2023-10-06,7521.05,2054,
2023-10-07,15027.9,4130,
2023-10-08,20040.8,6309,
2023-10-11,11755.4,3918,
2023-10-13,5030.66,1175,5k_PB_1935
2023-10-14,30039.7,10052,LONG30k
2023-10-17,8208.38,2674,TRACK
2023-10-18,15551.2,5298,
2023-10-18,4534.29,1736,
2023-10-21,11479.5,3296,parkrun_2005
2023-10-22,11519.2,3337,
2023-10-24,1771.93,683,
2023-10-24,10038.9,2713,TRACK
2023-10-25,11759.4,3714,
2023-10-26,1553.02,723,
2023-10-28,12028,3842,
2023-10-29,10021.5,2747,
2023-10-31,8742.11,2617,TRACK
2023-11-02,7278.61,2348,
2023-11-04,5032.65,1480,
2023-11-05,30026.7,9082,LONG30k
2023-11-07,1835.07,822,
2023-11-07,9683.42,2535,TRACK
2023-11-09,5029.72,1265,
2023-11-11,21348.5,5666,
2023-11-11,2516.82,929,
2023-11-14,8193.36,1726,TRACK
2023-11-15,15022.2,4735,
2023-11-16,4012.97,1281,
2023-11-18,16017.4,4171,TRACK
2023-11-18,3019.73,1162,
2023-11-21,10041.7,2551,
2023-11-26,6232.49,1824,
2023-11-28,5031.44,1194,
2023-11-30,10155.8,3611,
2023-12-03,42463.8,12284,RACE_Valencia_marathon
2023-12-10,7216.52,2316,
2023-12-12,1639.21,814,
2023-12-12,4562.57,884,TRACK
2023-12-17,6023.13,1468,
2023-12-19,10008.6,2910,
2023-12-22,9028.38,2283,
2023-12-23,11300.7,3604,
2023-12-25,12014.8,3273,
2023-12-26,5013.4,1471,
2023-12-30,16158,4927,
2024-01-02,12029.7,3517,
2024-01-03,9007.82,2838,
2024-01-05,4012.97,907,
2024-01-07,21172.2,5603,HM_1_33
2024-01-07,2001.36,753,
2024-01-09,3088.52,1228,
2024-01-09,9034.36,2407,TRACK
2024-01-10,9352.81,3205,
2024-01-12,7021.37,1708,
2024-01-14,12028.7,3028,
2024-01-14,2118.33,691,
2024-01-16,2148.52,784,
2024-01-16,6933.33,1721,TRACK
2024-01-18,10010.5,2907,
2024-01-20,14136.3,4231,
2024-01-23,10105.7,2732,TRACK
2024-01-24,10138.7,3140,
2024-01-26,10018.1,2490,
2024-01-27,16004.2,4944,
2024-01-30,1678.41,518,
2024-01-30,5502.77,1362,FARTLEK
2024-01-31,13007.3,4545,
2024-02-03,30020.9,8160,LONG30k
2024-02-07,9076.78,2518,
2024-02-09,5025.75,1251,
2024-02-10,11453.8,3520,
2024-02-11,10271,3775,
2024-02-13,10115.3,3334,
2024-02-13,10027.6,2433,TRACK
2024-02-18,22012.6,6012,
2024-02-24,5019.64,1539,
2024-03-03,5322.43,1405,
2024-03-06,7256.33,1877,
2024-03-09,13006.2,4224,
2024-03-12,7357.27,2124,
2024-03-14,5252.14,1440,
2024-03-17,13010,4341,
2024-03-19,5004.33,1333,
2024-03-21,5021.68,1253,
2024-03-24,21215.8,5844,
2024-03-27,10015.9,2789,
2024-03-28,2581.39,794,
2024-03-28,2644.06,783,
2024-03-31,15026.6,4311,
2024-04-03,5030.82,1291,
2024-04-07,42740.4,12424,RACE_Paris_marathon
2024-04-12,5005.08,1467,
2024-04-13,10010.7,3239,
2024-04-17,5009.48,1230,
2024-04-20,7514.85,2298,
2024-04-22,10065.3,2392,10k_PB_3952
2024-04-24,1494.52,478,
2024-04-24,3003.34,857,
2024-04-27,11151.9,3067,
2024-04-30,3620.75,2019,
2024-04-30,7908.08,2047,TRACK
2024-05-02,3009.52,996,
2024-05-04,6057.81,2029,
2024-05-05,10016.8,2525,
2024-05-07,2758.23,1560,
2024-05-07,8605.97,2465,TRACK
2024-05-09,7697.44,2434,
2024-05-11,11013.3,2969,
2024-05-14,5015.9,1230,
2024-05-16,5520.91,1767,
2024-05-19,21173.2,5358,RACE_Hackney_half_129
2024-05-21,5019.78,1563,
2024-05-22,5019.58,1599,
2024-05-23,6002.56,2075,
2024-05-24,7510.84,2463,
2024-05-26,7519.92,1915,
2024-05-29,5508.36,1448,
2024-06-01,15025.2,4163,
2024-06-06,7027.46,2290,
2024-06-08,101100,42314,BACKYARD_Macyard2024_DNF
2024-06-12,4082.99,1207,
2024-06-13,4241.67,1200,
2024-06-16,12006.3,3492,
2024-06-17,6013.99,1895,
2024-06-19,5011.07,1199,
2024-06-19,1359.71,402,
2024-06-20,6020.26,1676,
2024-06-23,7523.16,2209,
2024-06-25,7566.21,2041,
2024-06-26,1336,461,
2024-06-26,5276.12,1115,TRACK
2024-06-27,5013.64,1591,
2024-06-29,7522.6,2561,
2024-07-02,10006.8,2864,
2024-07-03,6502.73,1836,
2024-07-04,3521.58,1080,
2024-07-04,2509.35,809,
2024-07-07,15023.4,4394,
2024-07-12,11006.2,5220,TRAIL
2024-07-12,7176.98,2445,
2024-07-13,30005.6,14090,TRAIL1051m
2024-07-16,6507.11,2101,
2024-07-17,7513.55,1768,TRACK
2024-07-18,5516.38,1612,
2024-07-20,10009.6,3257,
2024-07-21,2760.91,829,
2024-07-21,2012.23,538,
2024-07-22,10018.5,2580,
2024-07-23,3490.73,1249,
2024-07-23,7005.87,1911,TRACK
2024-07-25,6023.96,1848,
2024-07-27,14506,5011,
2024-07-28,5340.19,1722,
2024-07-30,5045.59,1244,
2024-08-01,45108.5,14679,LONG45k_birthday
2024-08-05,6006.95,1797,
2024-08-07,10723.9,2902,
2024-08-10,5932.62,1812,
2024-08-11,13007.7,3751,
2024-08-13,7660.88,2555,
2024-08-14,6020.51,1750,
2024-08-15,12047.2,3050,
2024-08-16,5702.9,1880,
2024-08-17,18518.4,6762,
2024-08-19,12012.4,3600,
2024-08-20,4399.24,1443,
2024-08-20,6595.4,1719,THRESHOLD
2024-08-22,7033.52,1869,
2024-08-24,10232.8,3307,
2024-08-25,17337.3,5290,
2024-08-25,4003.32,1218,
2024-08-27,12701.9,3736,THRESHOLD
2024-08-28,10050,3207,
2024-08-31,24007.6,7049,LONG24k
2024-09-03,15017.2,4564,THRESHOLD
2024-09-05,10022.5,3535,
2024-09-06,5878.36,1703,
2024-09-08,21139.2,6819,
2024-09-09,10017.9,2835,
2024-09-10,5037.73,1304,
2024-09-11,15006.4,4459,
2024-09-14,30578.3,9822,LONG30_6k
2024-09-15,3504.4,1133,
2024-09-17,16211.2,4718,THRESHOLD
2024-09-18,10033.6,2742,
2024-09-21,22370.2,6686,
2024-09-22,8186.56,2516,
2024-09-24,14650.8,4233,THRESHOLD
2024-09-24,3312.26,1151,
2024-09-25,6007.75,1975,
2024-09-26,10591.4,2704,
2024-09-29,22137.7,5997,
2024-10-01,4496.99,1522,
2024-10-01,13020.1,4155,
2024-10-03,10010.3,2957,
2024-10-05,13016.3,4046,
2024-10-06,26111.7,8422,
2024-10-08,15159.9,4098,
2024-10-10,15061.9,4862,
2024-10-11,22031.4,6491,
2024-10-12,5452.81,1804,
2024-10-12,4016.83,1207,
2024-10-14,10022.5,2650,
2024-10-16,7527.08,2412,
2024-10-16,2524.44,675,
2024-10-18,5022.88,1200,
2024-10-18,574.91,205,
2024-10-19,15039.3,4077,
2024-10-19,1208.07,389,
2024-10-20,26017.6,8245,LONG26k
2024-10-22,15034.7,4216,THRESHOLD
2024-10-24,15764.4,5178,
2024-10-26,10039.1,3395,
2024-10-27,34031.3,9671,LONG34k
2024-10-28,3011.53,980,
2024-10-29,15259.7,4207,THRESHOLD
2024-10-30,8021.17,2554,
2024-10-30,4004.56,1243,
2024-11-02,10515.7,2820,
2024-11-03,13507.8,4053,
2024-11-05,13026.8,3583,
2024-11-07,8009.72,2388,
2024-11-08,5051.2,1520,
2024-11-09,11133.6,3785,
2024-11-10,20009,5547,
2024-11-11,3008.44,868,
2024-11-12,10035.7,2850,
2024-11-14,6162.55,1591,
2024-11-16,11123,3803,
2024-11-17,11263.2,3134,
2024-11-19,6260.77,1701,
2024-11-24,42530.4,11600,RACE_Florence_marathon_PB
2024-11-30,5021.88,1658,
2024-12-03,5581.14,1556,
2024-12-07,5611.83,1600,
2024-12-10,5527.28,1497,
2024-12-12,5025.36,1436,
2024-12-13,6256.38,1871,
2024-12-14,10108.3,2971,
2024-12-15,1100.36,281,
2024-12-17,6023.91,1632,
2024-12-18,7517.2,2071,
2024-12-19,5019.48,1504,
2024-12-21,5027.9,1758,
2024-12-22,11002.2,3598,
2024-12-25,18037.8,4971,
2024-12-26,16019.4,5870,
2024-12-31,7182.96,2076,
2025-01-02,6020.74,1765,
2025-01-03,5576.16,1519,
2025-01-04,10474.2,3631,
2025-01-05,5030.84,1566,
2025-01-07,8282.21,2487,
2025-01-08,6018.54,1557,
2025-01-09,10357.5,3247,
2025-01-11,10021,3401,
2025-01-12,6024.59,1768,
2025-01-15,21103.3,6664,
2025-01-16,5302.65,1536,
2025-01-18,10460.6,3650,
2025-01-19,2506.65,772,
2025-01-19,2408.47,773,
2025-01-21,5511.1,1617,
2025-01-22,10069.9,3112,
2025-01-24,6903.41,2284,
2025-01-25,14070.1,5068,
2025-01-26,4027.44,1270,
2025-01-28,10125.4,2938,
2025-01-29,2065.83,698,
2025-01-29,5017.71,1081,5k_PB_1755_TRACK
2025-02-02,13549.2,4139,
2025-02-04,15379,4355,
2025-02-05,5011.79,1472,
2025-02-09,21183.5,6399,
2025-02-12,13021.9,3961,
2025-02-13,5009.93,1282,
2025-02-14,7069.14,2669,
2025-02-15,10097,2998,
2025-02-16,5734.16,1979,
2025-02-18,7007.15,2207,
2025-02-18,6011.78,1649,
2025-02-19,4005.18,1178,
2025-02-20,5610.41,1621,
2025-02-22,8038.11,2757,
2025-02-23,10033.4,2630,
2025-02-25,7019.27,2151,
2025-02-26,13039.1,4147,
2025-03-01,12397.2,3667,
2025-03-02,8503.04,2450,
2025-03-05,15023.1,4426,
2025-03-08,7075.51,2308,
2025-03-09,21178.9,7498,RACE_Cambridge_half_pacing
2025-03-11,10054.6,2717,
2025-03-12,7286.16,2028,
2025-03-14,5017.73,1616,
2025-03-14,5593.63,1561,
2025-03-15,13039.5,3442,
2025-03-18,7211.04,1911,
2025-03-19,14006,4202,
2025-03-20,5428.06,1548,
2025-03-22,10261.8,3184,
2025-03-23,7215.95,2111,
2025-03-25,8109.4,2404,
2025-03-30,12153.2,10932,HIKE_EXCLUDE
2025-04-01,10228.3,2996,
2025-04-02,12041,3604,
2025-04-05,31514.6,10019,LONG31k
2025-04-07,5536.8,1603,
2025-04-08,16612.6,4915,THRESHOLD
2025-04-10,7322.39,2349,
2025-04-12,6021.35,2050,
2025-04-13,15038.6,4556,
2025-04-15,13017.8,3829,
2025-04-16,7283.12,2189,
2025-04-19,7184.26,2275,
2025-04-20,25003.7,7544,LONG25k
2025-04-23,6100.73,1861,
2025-04-24,14011.1,4368,
2025-04-25,6155.05,2165,
2025-04-25,8015.6,2286,
2025-04-26,16020.6,4991,
2025-04-28,15027.3,4261,
2025-04-29,8028.12,2175,
2025-04-30,6053.93,1961,
2025-05-04,11010.6,3483,
2025-05-06,7035.05,1935,
2025-05-07,14015.4,4061,
2025-05-08,8028.05,2724,
2025-05-10,11011,3785,
2025-05-10,1248.25,422,
2025-05-11,6515.67,1890,
2025-05-13,11008.9,3402,
2025-05-16,6046.86,1738,
2025-05-18,1010.58,331,
2025-05-18,21223.6,5349,HM_PB_129
2025-05-20,5011.15,1646,
2025-05-21,5677.88,1831,
2025-05-22,9511.52,3078,
2025-05-27,7535.96,2181,
2025-05-29,7297.23,2295,
2025-05-30,7203.12,2115,
2025-05-31,9514.61,2932,
2025-06-01,8537.89,2673,
2025-06-02,5563.73,1624,
2025-06-03,8007.52,2425,
2025-06-05,5694.8,1818,
2025-06-07,6654.8,2303,
2025-06-08,14151.1,4891,
2025-06-10,10535.3,3024,
2025-06-11,12017.6,3553,
2025-06-15,21006.7,6506,RACE_half_DK
2025-06-16,5410.39,1603,
2025-06-17,12025.4,3522,
2025-06-20,7743.65,2239,
2025-06-24,10322.7,3027,
2025-06-25,5769.72,1511,
2025-06-26,10022.5,3023,
2025-06-28,9010.09,3695,
2025-07-01,5526.47,1700,
2025-07-02,12371.8,3500,
2025-07-04,7165.05,2223,
2025-07-05,13012.1,3927,
2025-07-06,3008.04,917,
2025-07-08,12005.6,3632,
2025-07-15,5009.32,1853,
2025-07-23,6031.06,1994,
2025-07-30,5033.62,1512,
2025-08-02,60839.3,27952,BACKYARD_Macyard2025
2025-08-02,9989.4,4818,BACKYARD_pt2
2025-08-06,5817.17,1719,
2025-08-07,5786.4,1718,
2025-08-09,8680.63,2967,
2025-08-12,5750.73,1733,
2025-08-14,7522.15,2365,
2025-08-15,4230.96,1252,
2025-08-18,5830.15,1732,
2025-08-19,5021.27,1337,
2025-08-23,7509.08,2180,
2025-08-28,6010.61,1835,
2025-08-29,6005.63,1759,
2025-08-30,6006.14,1736,
2025-09-01,6010.06,1787,
2025-09-06,18277,14786,HIKE_EXCLUDE
2025-09-07,10014.4,3465,
2025-09-09,13006.8,4077,
2025-09-10,5537.48,1700,
2025-09-13,9506.38,3013,
2025-09-16,12003.7,3705,
2025-09-18,7031.22,2929,
2025-09-20,15765.6,4739,
2025-09-23,13172.2,4013,
2025-09-25,6006.89,1893,
2025-09-29,5414.17,1567,
2025-09-30,5508.14,1569,
2025-10-01,3235.77,1017,
2025-10-01,5017.86,1261,
2025-10-06,5552.11,1651,
2025-10-07,10022.5,3076,
2025-10-12,22032.2,7085,
2025-10-14,8233.27,2534,
2025-10-15,5817.68,1519,
2025-10-18,15017,5276,
2025-10-21,5608.93,1661,
2025-10-22,7519.56,2147,
2025-10-26,15030,4742,
2025-10-28,10157.1,3097,
2025-10-29,6031.69,1872,
2025-11-02,15261.8,4462,
2025-11-04,10009.2,3059,
2025-11-07,10020.4,3071,
2025-11-08,3481.02,1011,
2025-11-09,7508.35,2263,
2025-11-10,1800.27,562,
2025-11-10,1160.06,356,
2025-11-10,2521.02,817,
2025-11-11,10014.3,3262,
2025-11-14,5031.16,1219,
2025-11-14,5070.69,1483,
2025-11-16,5714.48,1843,
2025-11-17,2578.2,729,
2025-11-17,2529.43,775,
2025-11-18,8513.95,2588,
2025-11-20,5552.28,1504,
2025-11-22,14202.3,4536,
2025-11-23,5504,1577,
2025-11-24,2528.16,748,
2025-11-24,2529.03,740,
2025-11-25,9526.99,3036,
2025-11-26,5009.29,1636,
2025-11-29,16275,5625,
2025-12-02,4007.3,1172,
2025-12-02,6396.11,1912,
2025-12-03,5469.72,1595,
2025-12-07,5018.45,1441,
2025-12-08,2504.59,732,
2025-12-08,2507.4,756,
2025-12-09,10019.6,2927,HEEL_ANKLE_PAIN
2025-12-11,5403.83,1536,
2025-12-14,7017.11,2060,
2025-12-15,2526.5,742,
2025-12-15,2501.64,743,
2025-12-16,10023.7,3250,
2025-12-19,7168.52,1947,
2025-12-20,5607.63,1912,
2025-12-22,2502.23,748,
2025-12-22,2506.41,724,
2025-12-23,10006.7,2969,
2025-12-25,11021,3527,
2025-12-30,6252.78,1858,
2025-12-31,6006.46,1755,
2026-01-03,11065.2,4065,
2026-01-04,7095.52,2103,
2026-01-05,5048.54,1506,
2026-01-07,10009.2,2874,
2026-01-09,5014.32,1311,
2026-01-11,10034.3,3060,
2026-01-12,6002.13,1880,
2026-01-15,10028.3,2998,
2026-01-17,5703.55,1920,
2026-01-18,9307.76,2774,
2026-01-19,2504.57,817,
2026-01-19,2546.9,794,
2026-01-20,7504.13,2406,
2026-01-20,6006.06,1815,
2026-01-23,7322.12,2302,
2026-01-25,13137.4,3778,
2026-01-26,3013.18,889,
2026-01-26,3105.72,961,
2026-01-27,11502.7,3382,
2026-01-29,6141.72,1851,
2026-01-31,22007.5,6758,
2026-02-02,7280.79,2201,
2026-02-04,15501.7,4818,
2026-02-08,24013,7668,LONG24k
2026-02-09,7675.43,2208,
2026-02-10,7697.51,2533,
2026-02-10,8033.45,2395,
2026-02-14,2902.84,897,
2026-02-14,10349,2955,
2026-02-15,8450.23,2532,
2026-02-16,6814.01,2166,
2026-02-17,7657.2,2570,
2026-02-17,5612.45,1552,
2026-02-19,10018.6,3043,
2026-02-21,3005.96,926,
2026-02-21,3298.14,1074,
2026-02-22,10057.4,2782,
2026-02-24,7640.62,2520,
2026-02-24,6264.56,2107,
2026-02-25,7205.17,2017,
2026-02-28,22128.5,6366,THRESHOLD_3x15
2026-02-28,1660.43,625,
2026-03-03,8071.91,2903,
2026-03-03,7500.92,2173,
2026-03-04,5186.77,1455,
2026-03-04,5030.9,1442,
2026-03-05,15204.7,4972,
2026-03-15,10018.7,3038,
2026-03-16,7672.61,2249,
2026-03-17,7511.15,2055,
2026-03-19,7514.16,2447,
2026-03-21,3891.36,1118,
2026-03-21,10404.9,2956,
2026-03-23,7627.21,2200,
2026-03-24,7849.04,2759,
2026-03-24,6560.72,1892,
2026-03-26,6051.79,1714,
2026-03-28,12005.7,4048,
2026-03-29,2042.78,641,
2026-03-30,3008.96,888,
2026-03-30,6508.85,2291,
2026-03-31,8008.55,2813,
2026-03-31,6011.74,1686,
2026-04-02,6524.4,1686,
2026-04-03,10021.4,2805,
2026-04-05,13191.1,15028,HIKE_EXCLUDE
2026-04-05,11586.8,10940,HIKE_EXCLUDE
2026-04-07,6008.46,1856,
2026-04-08,10012.3,3045,
2026-04-10,6036.66,1833,
2026-04-12,20009.2,6519,
2026-04-13,3567.48,1033,
2026-04-13,5017.64,1500,
2026-04-14,8012.16,2785,
2026-04-14,10504.8,3096,
2026-04-17,6008.6,1840,
2026-04-18,15017.7,4643,
2026-04-20,7064.36,2083,
2026-04-20,3527.05,1156,
2026-04-21,8023.19,2503,
2026-04-22,13507.9,4046,SPLIT33k_pt1
2026-04-22,10003.8,2859,SPLIT33k_pt2
2026-04-22,10021.3,2973,SPLIT33k_pt3
2026-04-25,8008.16,3200,
2026-04-27,3843.86,1215,
2026-04-27,6607.97,2030,
2026-04-28,8136.19,2669,
2026-04-28,7015.88,2106,
2026-05-01,12015.1,3989,
2026-05-02,6014.59,2059,
2026-05-03,7017.32,2348,
2026-05-05,7032.38,1961,
2026-05-07,7532.8,2211,
2026-05-08,6028.26,1841,
2026-05-09,5612.39,1638,
2026-05-09,5024.21,1572,
2026-05-09,5091.85,2451,
2026-05-10,14096.2,3826,
2026-05-12,8005.1,2740,
2026-05-12,6016.61,1709,
2026-05-13,6021.97,1742,
2026-05-14,5719.02,1699,
2026-05-15,6513.25,1951,
2026-05-16,8015.63,2871,
2026-05-21,8038.07,2289,
2026-05-23,12004.2,3576,
2026-05-24,11311.3,4008,
2026-05-26,5193.31,1859,
2026-05-30,26634.5,13103,BACKYARD2026
2026-05-30,20081.2,9726,BACKYARD2026
2026-05-30,6789.6,3172,BACKYARD2026
2026-05-30,38842.8,18429,BACKYARD2026
2026-05-30,6769.1,3064,BACKYARD2026
2026-05-31,28361.1,14294,BACKYARD2026_DNF
2026-06-07,6020.65,1860,
2026-06-09,7502.64,2401,
2026-06-10,7579.79,2102,
2026-06-12,12526.6,3992,
2026-06-16,6007.96,1679,
2026-06-17,5532.26,1617,
2026-06-19,10003.1,3057,
2026-06-20,10025.7,3059,
2026-06-22,3043.9,1030,
2026-06-22,3024.67,975,
2026-06-24,8013.46,2688,
2026-06-25,8033.43,2446,
2026-06-26,6322.32,1908,
2026-06-28,15042.6,4688,
2026-06-29,3076.78,991,
2026-06-29,3028.96,925,
2026-07-01,6097.13,1791,
2026-07-02,5013.94,1440,
2026-07-04,6424.91,1873,
2026-07-04,7002.69,2003,
2026-07-05,10026.4,3100,
2026-07-08,2054.6,1792,WALK_EXCLUDE
2026-07-13,3204.23,1013,ANKLE_OF_GLASS
2026-07-17,5754.39,1678,
2026-07-19,6015.14,1917,
2026-07-22,4330.35,1403,
2026-07-24,5004.64,1478,
2026-07-27,7518.35,2275,
2026-08-01,8327.1,3455,
2026-08-06,3027.02,924,
2026-08-10,5508.1,1846,PAIN_FREE
2026-08-13,6024.77,2009,
2026-08-16,7531.11,2336,
2026-08-21,6020.01,1928,
2026-08-22,6004.11,2066,
2026-08-24,6006.4,1834,
2026-08-29,3205.06,1287,
2026-08-30,42867.7,13324,RACE_Sydney_marathon
2026-09-05,6013.09,5757,WALK_EXCLUDE
2026-09-10,10007.5,3355,
2026-09-14,5827.79,1831,
2026-09-16,7083.5,2665,
2026-09-18,6029.76,1940,
