date,activity_id,sport,relative_effort
2021-08-22,5836755712,Run,12
2021-09-07,5918827979,Run,34
2021-09-08,5926042634,Run,76
2021-09-13,5955234958,Run,72
2021-09-14,5960729694,Run,8
2021-09-16,5971400806,Run,44
2021-09-20,5991930780,Run,118
2021-09-26,6021453217,Run,393
2021-10-11,6098419372,Run,34
2021-11-20,6283044011,Run,43
2022-01-11,6507516970,Run,38
2022-01-17,6538923860,Run,33
2022-01-29,6666181164,Run,0
2022-01-31,6666181408,Run,46
2022-02-14,6682998462,Run,74
2022-02-27,6747534795,Run,50
2022-03-03,6766202754,Run,46
2022-03-05,6777406334,Run,83
2022-03-12,6820203292,Run,23
2022-03-15,6827507779,Run,57
2022-03-19,6849783586,Run,43
2022-03-22,6867556254,Run,35
2022-05-09,7265169793,Run,24
2022-05-12,7129909239,Run,92
2022-05-16,7153079981,Run,107
2022-05-22,7184591365,Run,418
2022-05-30,7227612026,Run,25
2022-06-06,7265169538,Run,29
2022-06-07,7271211460,Run,46
2022-06-13,7302924953,Run,53
2022-06-17,7323595874,Run,42
2022-06-22,7351673082,Run,27
2022-06-23,7358004899,Run,43
2022-07-02,7403585609,Hike,37
2022-07-12,7457873493,Run,53
2022-07-14,7469395800,Run,25
2022-07-20,7500737315,Run,41
2022-07-24,7521101276,Run,89
2022-07-27,7576234299,Run,43
2022-08-08,7604210937,Run,59
2022-08-14,7638530835,Run,22
2022-08-16,7649705426,Run,99
2022-08-21,7677400049,Run,9
2022-08-22,7702411161,WeightTraining,10
2022-08-23,7702413347,WeightTraining,12
2022-08-24,7694451227,Run,22
2022-09-06,7765302950,Run,43
2022-09-14,7811988182,Run,28
2022-09-21,7848002027,Run,45
2022-10-09,7937930020,Run,81
2022-10-19,7986893408,Run,30
2022-10-28,8036579556,Run,43
2022-10-29,8036579437,Swim,27
2022-10-30,8044628549,Run,19
2022-11-03,8063810580,Run,102
2022-11-09,8125138398,Run,34
2022-11-19,8140837101,Run,59
2022-11-23,8159841303,Run,38
2022-11-29,8185679568,Run,63
2022-12-30,8312569724,Run,91
2022-12-31,8315451185,Run,43
2023-01-08,8360283011,Run,39
2023-01-12,8381236108,Run,80
2023-01-13,8386414926,Run,55
2023-01-18,8429614095,Run,10
2023-01-21,8429614427,Run,121
2023-01-22,8435783077,Run,24
2023-02-05,8520516319,Run,63
2023-02-07,8520516550,Ride,3
2023-02-17,8577711653,Run,56
2023-02-18,8583359957,Run,54
2023-02-19,8589538144,Run,66
2023-02-25,8621785965,Run,103
2023-02-26,8627907070,Run,50
2023-02-28,8637853344,Run,35
2023-03-03,8654532499,Run,60
2023-03-04,8660399668,Run,48
2023-03-05,8667014731,Run,4
2023-03-12,8703872716,Run,53
2023-03-14,8718522081,Run,25
2023-03-18,8735035141,Run,60
2023-03-23,8764401154,AlpineSki,13
2023-03-25,8786994829,AlpineSki,36
2023-03-28,8799844382,Run,42
2023-04-01,8814291160,Run,67
2023-04-02,8820525948,Run,108
2023-04-05,8836862217,Run,4
2023-04-09,8861150127,Run,154
2023-04-12,8878582873,Run,46
2023-04-16,8902407481,Run,41
2023-04-18,8914806680,Run,63
2023-04-23,8944590048,Run,42
2023-05-01,8998632970,Run,29
2023-05-06,9022819331,Run,125
2023-05-08,9034393830,Run,101
2023-05-13,9070916079,Run,13
2023-05-14,9071652350,Run,47
2023-05-21,9113244828,Run,311
2023-05-29,9165189538,Run,13
2023-06-09,9233981214,Run,31
2023-06-10,9237745971,Run,25
2023-06-13,9260372289,Run,103
2023-06-17,9281057536,Run,92
2023-06-20,9303859853,Run,83
2023-06-24,9324346400,Run,57
2023-06-28,9351842747,Run,80
2023-06-29,9357854304,Run,9
2023-07-02,9375203326,Run,133
2023-07-04,9389449357,Run,63
2023-07-07,9403993906,Run,52
2023-07-08,9410452361,Run,95
2023-07-11,9433174517,Run,93
2023-07-12,9438944314,Run,66
2023-07-14,9448000310,Run,42
2023-07-15,9454402873,Run,38
2023-07-15,9454402862,Run,73
2023-07-18,9477402015,Run,69
2023-07-20,9489905555,Run,83
2023-07-20,9490296346,Run,36
2023-07-21,9492169583,Run,84
2023-07-25,9521206787,Run,84
2023-07-25,9521262017,Run,21
2023-07-26,9527277854,Run,76
2023-07-27,9533479608,Run,97
2023-07-28,9535618216,Run,90
2023-08-01,9564955307,Run,93
2023-08-02,9571077285,Run,100
2023-08-04,9582659086,Run,45
2023-08-05,9586091056,Run,94
2023-08-05,9589312232,Run,19
2023-08-08,9608805683,Run,111
2023-08-10,9622201388,Run,64
2023-08-11,9624486117,Run,64
2023-08-12,9631641177,Run,139
2023-08-16,9661475137,Run,61
2023-08-17,9668723452,Run,69
2023-08-18,9670764353,Run,84
2023-08-19,9677292027,Run,122
2023-08-22,9700998616,Run,85
2023-08-23,9707282944,Run,85
2023-08-24,9714059060,Run,43
2023-08-25,9716521528,Run,79
2023-08-28,9738199739,Run,93
2023-09-01,9764487496,Run,37
2023-09-03,9773497947,Run,252
2023-09-05,9790338744,Run,45
2023-09-06,9797215130,Run,42
2023-09-07,9804649683,Run,26
2023-09-11,9829904019,Run,11
2023-09-12,9836708080,Run,51
2023-09-13,9843176637,Run,47
2023-09-17,9869618623,Run,31
2023-09-21,9890915639,Run,90
2023-09-22,9896981925,Run,53
2023-09-24,9910299666,Run,208
2023-09-29,9944081886,Run,46
2023-09-30,9951011469,Run,69
2023-10-01,9955457009,Run,124
2023-10-01,9956411954,Run,28
2023-10-03,9970367601,Run,26
2023-10-06,9987053941,Run,74
2023-10-07,9992392046,Run,76
2023-10-08,9999759289,Run,174
2023-10-11,10021024095,Run,47
2023-10-13,10031912990,Run,54
2023-10-14,10035493351,Run,227
2023-10-17,10057780807,Run,82
2023-10-18,10063343227,Run,148
2023-10-18,10063343426,Run,23
2023-10-19,10101628694,WeightTraining,6
2023-10-21,10076183800,Run,80
2023-10-22,10086113392,Run,83
2023-10-24,10097997399,Run,14
2023-10-24,10097997642,Run,89
2023-10-25,10101628958,WeightTraining,5
2023-10-25,10103953884,Run,51
2023-10-26,10109591149,Run,2
2023-10-28,10117912576,Run,72
2023-10-29,10127487908,Run,82
2023-10-31,10138264157,Run,70
2023-11-02,10146426036,Run,28
2023-11-04,10160635669,Run,35
2023-11-05,10163862823,Run,227
2023-11-06,10170314236,WeightTraining,5
2023-11-07,10178535775,Run,3
2023-11-07,10178536121,Run,66
2023-11-09,10187869392,Run,43
2023-11-11,10198246143,Run,183
2023-11-11,10198730408,Run,37
2023-11-14,10218868088,Run,69
2023-11-15,10224966147,Run,92
2023-11-16,10229564805,Run,31
2023-11-18,10241112349,Run,128
2023-11-18,10241224640,Run,9
2023-11-21,10258506646,Run,70
2023-11-26,10286699513,Run,41
2023-11-28,10296763276,Run,34
2023-11-30,10308120293,Run,44
2023-12-03,10321327825,Run,457
2023-12-10,10360368442,Run,33
2023-12-12,10370769415,Run,12
2023-12-12,10370769434,Run,37
2023-12-17,10396044226,Run,49
2023-12-18,10399735201,WeightTraining,7
2023-12-19,10406036837,Run,74
2023-12-22,10420822043,Run,76
2023-12-23,10423964085,Run,72
2023-12-24,10429838850,WeightTraining,5
2023-12-25,10433541879,Run,116
2023-12-26,10437654481,Run,41
2023-12-29,10457563634,WeightTraining,6
2023-12-30,10463953579,Run,124
2024-01-02,10480971965,Run,85
2024-01-03,10488001410,Run,69
2024-01-04,10494923397,WeightTraining,10
2024-01-05,10499334905,Run,28
2024-01-07,10511544282,Run,192
2024-01-07,10514005685,Run,7
2024-01-09,10526730239,Run,15
2024-01-09,10526730431,Run,73
2024-01-10,10533192855,Run,50
2024-01-11,10539997154,WeightTraining,11
2024-01-12,10544936592,Run,48
2024-01-14,10555985804,Run,103
2024-01-14,10556979694,Run,20
2024-01-16,10571880955,Run,5
2024-01-16,10571880973,Run,54
2024-01-18,10583520250,Run,74
2024-01-20,10593400122,Run,116
2024-01-22,10610029174,WeightTraining,8
2024-01-23,10616179727,Run,91
2024-01-24,10621933461,Run,79
2024-01-26,10634710364,Run,72
2024-01-27,10638403502,Run,116
2024-01-29,10656119062,WeightTraining,8
2024-01-30,10662818535,Run,11
2024-01-30,10662817939,Run,66
2024-01-31,10670047492,Run,81
2024-02-01,10677253710,WeightTraining,5
2024-02-03,10686410934,Run,298
2024-02-05,10704353115,WeightTraining,5
2024-02-07,10716803069,Run,65
2024-02-09,10727994811,Run,38
2024-02-10,10732651007,Run,98
2024-02-11,10739156440,Run,71
2024-02-13,10751814822,Run,65
2024-02-13,10755981505,Run,87
2024-02-18,10789260171,Run,200
2024-02-21,10809413138,WeightTraining,7
2024-02-22,10815632549,WeightTraining,8
2024-02-24,10825411320,Run,44
2024-02-25,10834121525,WeightTraining,7
2024-02-29,10863855461,WeightTraining,22
2024-03-03,10882722365,Run,38
2024-03-04,10886481364,WeightTraining,16
2024-03-06,10905148704,Run,55
2024-03-08,10915369674,WeightTraining,6
2024-03-09,10922131524,Run,109
2024-03-12,10944994238,WeightTraining,2
2024-03-12,10944994596,Run,47
2024-03-14,10957490038,Run,41
2024-03-14,10959826381,WeightTraining,18
2024-03-17,10977464186,Run,73
2024-03-19,10996791201,WeightTraining,1
2024-03-19,10995073759,Run,33
2024-03-20,11002123455,WeightTraining,19
2024-03-21,11009915478,Run,36
2024-03-24,11029388062,WeightTraining,4
2024-03-24,11029388439,Run,286
2024-03-26,11044076160,WeightTraining,3
2024-03-27,11050174894,Run,55
2024-03-28,11057427977,Run,18
2024-03-28,11057427315,WeightTraining,7
2024-03-28,11057428118,Run,30
2024-03-31,11076293006,Run,121
2024-04-02,11092071579,WeightTraining,17
2024-04-03,11099287708,WeightTraining,2
2024-04-03,11099287295,Run,30
2024-04-07,11126021824,Run,605
2024-04-09,11143333971,WeightTraining,4
2024-04-12,11165617398,Run,44
2024-04-13,11170091892,Run,86
2024-04-15,11189350387,WeightTraining,10
2024-04-16,11197232331,WeightTraining,9
2024-04-17,11200605231,WeightTraining,25
2024-04-17,11204937602,Run,36
2024-04-20,11222248535,Run,50
2024-04-22,11239501767,WeightTraining,3
2024-04-22,11239501851,Run,118
2024-04-23,11247847624,WeightTraining,8
2024-04-24,11255028818,Run,11
2024-04-24,11255029129,Run,23
2024-04-25,11262300698,WeightTraining,31
2024-04-26,11270338271,WeightTraining,12
2024-04-27,11273720640,Run,48
2024-04-28,11284235120,WeightTraining,7
2024-04-29,11292537251,WeightTraining,7
2024-04-30,11301169097,Run,14
2024-04-30,11301168946,Run,87
2024-05-01,11308682160,WeightTraining,8
2024-05-02,11316646752,Run,6
2024-05-03,11324316321,WeightTraining,26
2024-05-04,11328585291,Run,21
2024-05-05,11337624950,Run,124
2024-05-07,11355485917,Run,16
2024-05-07,11355486109,Run,98
2024-05-08,11362410346,WeightTraining,12
2024-05-09,11371014853,Run,36
2024-05-10,11379222700,WeightTraining,11
2024-05-11,11383422757,Run,94
2024-05-14,11410113279,WeightTraining,3
2024-05-14,11410113132,Run,41
2024-05-15,11414489435,WeightTraining,11
2024-05-16,11422315545,Run,12
2024-05-19,11446475993,Run,342
2024-05-21,11464885075,Run,23
2024-05-22,11473148566,Run,21
2024-05-23,11476789620,Run,26
2024-05-23,11480655238,WeightTraining,8
2024-05-24,11484417063,Run,22
2024-05-24,11488639202,WeightTraining,19
2024-05-26,11504031706,Run,60
2024-05-29,11522872656,Run,44
2024-05-31,11538543038,WeightTraining,19
2024-06-01,11546814858,Run,131
2024-06-06,11585885309,Run,13
2024-06-12,11634125023,WeightTraining,2
2024-06-12,11634125095,Run,17
2024-06-13,11644530986,Run,34
2024-06-16,11664798813,Run,66
2024-06-17,11675427225,WeightTraining,9
2024-06-17,11675427584,Run,29
2024-06-18,11683744039,WeightTraining,17
2024-06-19,11691130611,Run,45
2024-06-19,11691666569,Run,6
2024-06-20,11696687976,Run,50
2024-06-23,11720305699,Run,37
2024-06-25,11733556323,Run,55
2024-06-25,11737525994,WeightTraining,7
2024-06-26,11746655513,Run,5
2024-06-26,11746655538,Run,44
2024-06-27,11754209397,Run,18
2024-06-28,11757871215,WeightTraining,22
2024-06-29,11765559273,Run,28
2024-07-02,11791927049,WeightTraining,6
2024-07-02,11791927459,Run,47
2024-07-03,11801343305,Run,38
2024-07-04,11809268158,Run,25
2024-07-04,11809268085,WeightTraining,14
2024-07-04,11809268224,Run,18
2024-07-07,11829614005,WeightTraining,1
2024-07-07,11829613768,Run,103
2024-07-08,11839905932,WeightTraining,9
2024-07-12,11870130521,Run,51
2024-07-12,11870785139,Run,46
2024-07-13,11879844790,Run,230
2024-07-16,11905171275,WeightTraining,5
2024-07-16,11905171336,Run,31
2024-07-17,11912304818,WeightTraining,2
2024-07-17,11912304686,Run,72
2024-07-18,11921217258,Run,36
2024-07-20,11933787751,Run,53
2024-07-21,11943580440,Run,16
2024-07-21,11943580292,WeightTraining,8
2024-07-21,11943580316,Run,13
2024-07-22,11953773303,WeightTraining,7
2024-07-22,11953774020,Run,90
2024-07-23,11962944773,Run,15
2024-07-23,11962944378,Run,76
2024-07-25,11980122531,Run,28
2024-07-26,11983761259,WeightTraining,16
2024-07-27,11993928125,Run,48
2024-07-28,12000793320,Run,12
2024-07-29,12019260045,WeightTraining,6
2024-07-30,12017809277,Run,42
2024-08-01,12037874397,Run,412
2024-08-05,12070080342,Run,25
2024-08-05,12070080290,WeightTraining,5
2024-08-07,12088350248,Run,88
2024-08-10,12111505116,Run,53
2024-08-11,12118353654,WeightTraining,2
2024-08-11,12118353881,Run,94
2024-08-13,12138729427,Run,18
2024-08-14,12147389258,Run,32
2024-08-15,12155969211,WeightTraining,1
2024-08-15,12155969243,Run,95
2024-08-16,12161922019,Run,13
2024-08-16,12165309959,WeightTraining,17
2024-08-17,12169267287,Run,37
2024-08-19,12189521665,WeightTraining,7
2024-08-19,12189522567,Run,57
2024-08-20,12198699081,Run,13
2024-08-20,12198698918,Run,40
2024-08-22,12215661715,Run,41
2024-08-23,12220317352,WeightTraining,29
2024-08-24,12228134998,Run,61
2024-08-25,12236136985,Run,88
2024-08-25,12236135219,Run,27
2024-08-27,12258459087,Run,53
2024-08-28,12266611412,Run,20
2024-08-29,12275146479,WeightTraining,11
2024-08-30,12279167239,WeightTraining,11
2024-08-31,12290198924,Run,167
2024-09-02,12307906749,WeightTraining,7
2024-09-03,12317615471,Run,52
2024-09-05,12330316971,Run,20
2024-09-06,12342451190,Run,23
2024-09-07,12351551954,WeightTraining,14
2024-09-08,12356965369,Run,55
2024-09-09,12364100183,Run,35
2024-09-09,12367435304,WeightTraining,6
2024-09-10,12375997770,Run,35
2024-09-11,12386253018,Run,80
2024-09-14,12407685582,Run,136
2024-09-15,12419563191,WeightTraining,8
2024-09-15,12419563213,Run,16
2024-09-16,12425954208,WeightTraining,6
2024-09-17,12435426692,Run,98
2024-09-18,12444139750,Run,78
2024-09-20,12457110382,WeightTraining,25
2024-09-21,12466230729,Run,158
2024-09-22,12478776840,Run,20
2024-09-23,12500935520,WeightTraining,8
2024-09-24,12494927124,Run,81
2024-09-24,12494926987,Run,21
2024-09-25,12502688800,Run,9
2024-09-26,12510218428,Run,77
2024-09-29,12535407835,Run,159
2024-09-30,12546441336,WeightTraining,8
2024-10-01,12551071135,Run,13
2024-10-01,12551071648,Run,54
2024-10-03,12567895689,Run,29
2024-10-05,12584669034,Run,84
2024-10-06,12593707766,Run,79
2024-10-08,12606210357,Run,93
2024-10-10,12623012219,Run,35
2024-10-11,12629268606,Run,161
2024-10-12,12637849868,Run,10
2024-10-12,12640166812,Run,20
2024-10-14,12653842048,Run,67
2024-10-16,12669138684,Run,44
2024-10-16,12669501331,Run,12
2024-10-18,12686946101,Run,41
2024-10-18,12686945923,Run,6
2024-10-19,12691249090,Run,102
2024-10-19,12691248029,Run,4
2024-10-20,12700278317,Run,165
2024-10-21,12710748784,WeightTraining,9
2024-10-22,12719440476,Run,98
2024-10-24,12736116096,Run,64
2024-10-26,12747556856,Run,43
2024-10-26,12750965504,WeightTraining,15
2024-10-27,12757408969,Run,245
2024-10-28,12767719247,WeightTraining,6
2024-10-28,12767719441,Run,7
2024-10-29,12775817665,Run,71
2024-10-30,12781370834,Run,42
2024-10-30,12783229680,Run,31
2024-11-01,12799323351,WeightTraining,8
2024-11-02,12807162510,Run,59
2024-11-03,12815579126,Run,92
2024-11-04,12822865203,WeightTraining,6
2024-11-05,12828857266,Run,89
2024-11-06,12834943522,WeightTraining,15
2024-11-07,12845652343,Run,61
2024-11-08,12854900597,Run,25
2024-11-09,12858385571,Run,62
2024-11-10,12866211401,Run,165
2024-11-11,12877501952,WeightTraining,6
2024-11-11,12877775285,Run,11
2024-11-12,12885374571,Run,58
2024-11-14,12901458010,Run,7
2024-11-16,12912635909,Run,41
2024-11-17,12921688176,Run,82
2024-11-18,12931459903,WeightTraining,5
2024-11-19,12938534986,Run,42
2024-11-24,12971918492,Run,446
2024-11-30,13014935101,Run,12
2024-12-02,13032982672,WeightTraining,6
2024-12-03,13038880299,Run,19
2024-12-04,13047169971,WeightTraining,13
2024-12-07,13066948010,Run,43
2024-12-09,13080824370,WeightTraining,8
2024-12-10,13087386693,Run,39
2024-12-12,13102805225,Run,36
2024-12-13,13114863886,Run,49
2024-12-14,13114863760,Run,57
2024-12-15,13123390955,Run,4
2024-12-15,13123446261,WeightTraining,1
2024-12-16,13129504275,WeightTraining,5
2024-12-17,13138627114,Run,30
2024-12-18,13142623925,Run,50
2024-12-19,13168776129,Run,30
2024-12-21,13160595923,Run,11
2024-12-22,13168776115,Run,58
2024-12-23,13176024197,WeightTraining,4
2024-12-25,13187164774,Run,156
2024-12-26,13192840234,Run,81
2024-12-30,13225388721,WeightTraining,16
2024-12-31,13231396479,Run,40
2025-01-02,13247511009,Run,33
2025-01-03,13256379708,Run,36
2025-01-04,13262984926,Run,46
2025-01-05,13274959805,Run,18
2025-01-06,13279620828,WeightTraining,34
2025-01-07,13292290282,Run,48
2025-01-08,13301555590,Run,41
2025-01-09,13309963122,Run,58
2025-01-10,13319573667,WeightTraining,12
2025-01-11,13323799238,Run,46
2025-01-12,13333520903,Run,25
2025-01-13,13345961628,WeightTraining,7
2025-01-15,13364697255,Run,150
2025-01-16,13373099232,Run,30
2025-01-18,13386301796,Run,51
2025-01-19,13397289956,Run,22
2025-01-19,13397289909,WeightTraining,9
2025-01-19,13397290105,Run,21
2025-01-20,13407291369,WeightTraining,6
2025-01-21,13416842072,Run,25
2025-01-22,13425357153,Run,49
2025-01-24,13438109382,Run,22
2025-01-25,13449238356,Run,43
2025-01-26,13461117424,WeightTraining,4
2025-01-26,13461117299,Run,14
2025-01-28,13477991754,WeightTraining,7
2025-01-28,13477992271,Run,62
2025-01-29,13487203596,Run,29
2025-02-02,13519898155,Run,88
2025-02-04,13540538281,Run,93
2025-02-05,13549837358,WeightTraining,4
2025-02-05,13549837604,Run,20
2025-02-08,13570923265,WeightTraining,22
2025-02-09,13580799452,Run,127
2025-02-12,13611023515,Run,58
2025-02-13,13619443973,WeightTraining,4
2025-02-13,13619444309,Run,14
2025-02-14,13623307107,Run,43
2025-02-15,13632397365,Run,53
2025-02-16,13645185936,Run,23
2025-02-18,13658652380,Run,21
2025-02-18,13662615216,Run,30
2025-02-19,13672544774,WeightTraining,5
2025-02-19,13672545604,Run,10
2025-02-20,13681403201,Run,19
2025-02-22,13694544615,Run,18
2025-02-23,13707732913,Run,83
2025-02-24,13716056894,WeightTraining,6
2025-02-25,13720595456,Run,17
2025-02-26,13735522904,Run,65
2025-02-27,13744002856,WeightTraining,10
2025-03-01,13758976458,Run,94
2025-03-02,13770715501,Run,41
2025-03-03,13780807342,WeightTraining,4
2025-03-04,13784126454,WeightTraining,19
2025-03-05,13799794457,Run,99
2025-03-08,13822123093,Run,20
2025-03-09,13832955494,Run,62
2025-03-11,13854867123,Run,61
2025-03-12,13864136095,Run,51
2025-03-14,13878448221,Run,17
2025-03-14,13889731297,Run,36
2025-03-15,13892386561,Run,99
2025-03-16,13898761810,WeightTraining,4
2025-03-17,13910883990,WeightTraining,5
2025-03-18,13918933670,Run,57
2025-03-19,13930035919,Run,84
2025-03-20,13938858922,Run,29
2025-03-22,13953444654,Run,51
2025-03-23,13966975099,Run,40
2025-03-25,13984815212,Run,44
2025-03-30,14032223937,Run,20
2025-04-01,14050657600,Run,60
2025-04-02,14061156464,Run,102
2025-04-03,14071204789,WeightTraining,6
2025-04-05,14086608431,Run,230
2025-04-05,14108335862,WeightTraining,7
2025-04-07,14108336412,Run,36
2025-04-08,14119877688,Run,122
2025-04-10,14139281448,WeightTraining,3
2025-04-10,14139281640,Run,21
2025-04-12,14154021595,Run,18
2025-04-13,14163688080,Run,89
2025-04-15,14188166363,Run,105
2025-04-16,14196547240,Run,43
2025-04-17,14201347775,WeightTraining,21
2025-04-19,14225865379,Run,36
2025-04-20,14235728210,Run,119
2025-04-23,14267220936,Run,32
2025-04-24,14275254990,Run,65
2025-04-25,14279373296,Run,12
2025-04-25,14284363768,Run,46
2025-04-26,14294615424,Run,78
2025-04-28,14314552009,Run,119
2025-04-29,14324179193,Run,47
2025-04-30,14334545064,Run,12
2025-05-04,14377241250,Run,47
2025-05-06,14396726570,Run,57
2025-05-07,14408146025,Run,85
2025-05-08,14418657582,Run,37
2025-05-09,14424943078,WeightTraining,31
2025-05-10,14433345972,Run,24
2025-05-10,14434008959,Run,3
2025-05-11,14443980092,Run,30
2025-05-12,14459605672,WeightTraining,4
2025-05-13,14470248845,Run,36
2025-05-16,14500437516,Run,31
2025-05-18,14517487635,Run,1
2025-05-18,14517490484,Run,245
2025-05-20,14542935141,Run,16
2025-05-21,14552602384,Run,16
2025-05-22,14562396287,Run,33
2025-05-26,14602108839,WeightTraining,4
2025-05-27,14613380501,Run,30
2025-05-29,14634422996,Run,27
2025-05-30,14644390759,Run,41
2025-05-31,14649401668,Run,61
2025-06-01,14661450554,Run,38
2025-06-02,14676244912,Run,28
2025-06-03,14686582772,Run,27
2025-06-05,14706150263,Run,27
2025-06-06,14713000058,WeightTraining,21
2025-06-07,14723349114,Run,23
2025-06-08,14731778957,Run,35
2025-06-09,14748061646,WeightTraining,5
2025-06-10,14758066956,Run,74
2025-06-11,14769545405,Run,85
2025-06-15,14805623152,Run,130
2025-06-16,14818719580,Run,32
2025-06-17,14824088290,Run,37
2025-06-20,14862292685,Run,47
2025-06-23,14893859457,WeightTraining,3
2025-06-24,14903276336,Run,49
2025-06-25,14914877575,Run,40
2025-06-26,14924142113,Run,38
2025-06-27,14935281224,WeightTraining,11
2025-06-28,14940560587,Run,24
2025-06-30,14964869695,WeightTraining,5
2025-07-01,14974985606,Run,20
2025-07-02,14986537264,Run,74
2025-07-04,15006999317,Run,15
2025-07-05,15017788758,Run,40
2025-07-06,15028403399,WeightTraining,3
2025-07-06,15028403431,Run,7
2025-07-08,15047873406,Run,53
2025-07-10,15065665811,WeightTraining,16
2025-07-15,15124838225,Run,13
2025-07-22,15201429910,WeightTraining,6
2025-07-23,15211645525,Run,35
2025-07-28,15289333944,WeightTraining,6
2025-07-30,15289336736,Run,44
2025-08-04,15343673156,WeightTraining,7
2025-08-05,15358094863,WeightTraining,6
2025-08-06,15367848083,Run,50
2025-08-07,15379548973,Run,30
2025-08-09,15397574478,Run,26
2025-08-11,15424211985,WeightTraining,9
2025-08-12,15436281858,Run,40
2025-08-14,15458941742,Run,56
2025-08-15,15471155847,Run,20
2025-08-18,15515686324,Run,30
2025-08-19,15515686783,Run,34
2025-08-20,15527879239,WeightTraining,2
2025-08-21,15538545566,WeightTraining,11
2025-08-23,15561556469,Run,55
2025-08-28,15618658560,Run,32
2025-08-29,15639266631,Run,33
2025-08-30,15639954673,Run,37
2025-09-01,15662811866,Run,36
2025-09-05,15706317111,WeightTraining,23
2025-09-06,15720163156,Run,31
2025-09-07,15728077638,Run,40
2025-09-08,15756192282,WeightTraining,7
2025-09-09,15756193375,Run,89
2025-09-10,15771865520,Run,29
2025-09-13,15796481928,Run,56
2025-09-14,15807289041,WeightTraining,10
2025-09-15,15835953335,WeightTraining,5
2025-09-16,15835953763,Run,65
2025-09-18,15850997127,Run,18
2025-09-20,15879346791,Run,120
2025-09-22,15909725809,WeightTraining,7
2025-09-23,15913314815,Run,73
2025-09-25,15936092516,Run,25
2025-09-29,15975085805,Run,27
2025-09-29,15978906939,WeightTraining,6
2025-09-30,16002205763,Run,39
2025-10-01,16002984945,Run,13
2025-10-01,16002205820,Run,45
2025-10-04,16028772905,WeightTraining,19
2025-10-06,16054720837,Run,28
2025-10-07,16065776696,Run,39
2025-10-08,16116092019,WeightTraining,4
2025-10-12,16116092245,Run,95
2025-10-13,16129760670,WeightTraining,7
2025-10-14,16141114450,Run,38
2025-10-15,16152084163,Run,32
2025-10-18,16178686745,Run,45
2025-10-20,16203867507,WeightTraining,6
2025-10-21,16213737942,Run,22
2025-10-22,16224561177,Run,52
2025-10-26,16265424603,Run,100
2025-10-27,16278880203,WeightTraining,11
2025-10-28,16284791830,Run,48
2025-10-29,16295087469,Run,30
2025-11-02,16334027137,Run,126
2025-11-04,16354595860,Run,49
2025-11-07,16386672595,Run,48
2025-11-08,16393182643,WeightTraining,16
2025-11-08,16393182772,Run,20
2025-11-09,16403728904,Run,35
2025-11-10,16416862833,Run,7
2025-11-10,16416862824,Run,3
2025-11-10,16416862866,WeightTraining,5
2025-11-10,16416862953,Run,10
2025-11-11,16428707883,Run,29
2025-11-14,16458291430,Run,43
2025-11-14,16458291509,Run,48
2025-11-16,16475515060,Run,11
2025-11-17,16488314760,Run,15
2025-11-17,16488314703,WeightTraining,6
2025-11-17,16488314917,Run,10
2025-11-18,16499071483,Run,46
2025-11-20,16517145264,Run,21
2025-11-22,16531918366,Run,69
2025-11-23,16542765209,Run,24
2025-11-24,16554565370,Run,10
2025-11-24,16554565296,WeightTraining,8
2025-11-24,16554565286,Run,15
2025-11-25,16564975938,Run,55
2025-11-26,16575236949,Run,48
2025-11-29,16599513241,Run,55
2025-12-01,16626198054,WeightTraining,5
2025-12-02,16626198111,Run,21
2025-12-02,16631795936,Run,19
2025-12-03,16642348747,Run,31
2025-12-07,16679174408,Run,26
2025-12-08,16694275849,Run,10
2025-12-08,16694275809,WeightTraining,6
2025-12-08,16694275895,Run,11
2025-12-09,16696913696,Run,78
2025-12-11,16716355536,Run,34
2025-12-14,16750950140,Run,38
2025-12-15,16750950054,Run,5
2025-12-15,16750949782,WeightTraining,7
2025-12-15,16750949813,Run,8
2025-12-16,16768606634,Run,53
2025-12-19,16786193874,Run,55
2025-12-20,16793721381,Run,19
2025-12-22,16813080970,Run,12
2025-12-22,16813081093,WeightTraining,8
2025-12-22,16813081122,Run,11
2025-12-23,16822864560,Run,40
2025-12-25,16836394084,Run,72
2025-12-26,16846786199,WeightTraining,1
2025-12-30,16884265018,Run,33
2025-12-31,16892318637,Run,45
2026-01-03,16922701731,Run,34
2026-01-04,16936145657,Run,46
2026-01-05,16947084103,WeightTraining,8
2026-01-05,16947504516,Run,25
2026-01-07,16967755366,Run,81
2026-01-09,16991958499,Run,26
2026-01-10,17014042011,WeightTraining,19
2026-01-11,17014041954,Run,55
2026-01-12,17025418885,Run,22
2026-01-13,17038997587,WeightTraining,3
2026-01-15,17062356772,Run,80
2026-01-17,17084311317,Run,11
2026-01-18,17091124081,Run,38
2026-01-19,17107151247,Run,8
2026-01-19,17107151160,WeightTraining,8
2026-01-19,17107151509,Run,9
2026-01-20,17112442379,Run,38
2026-01-20,17118561569,Run,23
2026-01-23,17152318154,Run,34
2026-01-25,17175922544,Run,65
2026-01-26,17185206647,Run,16
2026-01-26,17185206678,WeightTraining,9
2026-01-26,17185206799,Run,14
2026-01-27,17197153420,Run,80
2026-01-29,17219933019,Run,23
2026-01-31,17237045251,Run,117
2026-02-02,17263345922,WeightTraining,6
2026-02-02,17263346079,Run,20
2026-02-04,17287602601,Run,65
2026-02-08,17327705014,Run,104
2026-02-09,17341858441,Run,37
2026-02-09,17342473865,WeightTraining,3
2026-02-10,17347747077,Run,20
2026-02-10,17353645351,Run,48
2026-02-14,17393798806,Run,11
2026-02-14,17393798761,WeightTraining,19
2026-02-14,17394531020,Run,79
2026-02-15,17408281924,Run,45
2026-02-16,17419389777,WeightTraining,4
2026-02-16,17419389932,Run,20
2026-02-17,17424746959,Run,21
2026-02-17,17430365510,Run,23
2026-02-19,17454035441,Run,47
2026-02-21,17472437041,Run,12
2026-02-21,17472436817,WeightTraining,8
2026-02-21,17472441753,Run,7
2026-02-22,17483175973,Run,82
2026-02-24,17503146418,Run,21
2026-02-24,17509562156,WeightTraining,5
2026-02-24,17509562268,Run,16
2026-02-25,17520600713,Run,32
2026-02-28,17551432957,Run,145
2026-02-28,17551679808,Run,9
2026-03-03,17584873862,Run,21
2026-03-03,17591230518,Run,25
2026-03-04,17603317186,Run,21
2026-03-04,17603317023,WeightTraining,8
2026-03-04,17603317348,Run,21
2026-03-05,17617287326,Run,72
2026-03-08,17651493368,AlpineSki,0
2026-03-10,17673507140,AlpineSki,9
2026-03-10,17682811191,AlpineSki,4
2026-03-11,17684740779,AlpineSki,1
2026-03-11,17686096080,AlpineSki,3
2026-03-11,17686178819,AlpineSki,1
2026-03-15,17732593301,Run,55
2026-03-16,17745211155,Run,42
2026-03-17,17757544226,Run,47
2026-03-19,17775632807,Run,21
2026-03-21,17802549751,Run,31
2026-03-21,17802549695,WeightTraining,16
2026-03-21,17802549895,Run,55
2026-03-23,17837070051,Run,28
2026-03-24,17837070154,Run,24
2026-03-24,17843680062,Run,32
2026-03-26,17868926146,Run,20
2026-03-28,17885612246,Run,41
2026-03-29,17898879885,Run,5
2026-03-30,17917322609,Run,9
2026-03-30,17917322516,WeightTraining,8
2026-03-30,17917322551,Run,26
2026-03-31,17921229038,Run,12
2026-03-31,17927861278,Run,26
2026-04-02,17951969140,Run,41
2026-04-03,17966045398,Run,65
2026-04-05,17991331933,Run,54
2026-04-07,18019401532,Run,13
2026-04-08,18026361435,Run,73
2026-04-10,18050575957,Run,24
2026-04-12,18080167253,Run,99
2026-04-13,18093917880,Run,14
2026-04-13,18093917729,WeightTraining,8
2026-04-13,18093918121,Run,22
2026-04-14,18100758668,Run,20
2026-04-14,18107720063,Run,48
2026-04-15,18122796747,WeightTraining,4
2026-04-17,18141669107,Run,32
2026-04-18,18155899096,Run,84
2026-04-20,18189003095,Run,30
2026-04-20,18189003026,WeightTraining,16
2026-04-20,18189003126,Run,16
2026-04-21,18193584953,Run,18
2026-04-22,18208060128,Run,75
2026-04-22,18210945256,Run,70
2026-04-22,18214664637,Run,66
2026-04-25,18249676019,Run,47
2026-04-27,18281994096,Run,9
2026-04-27,18281992763,WeightTraining,9
2026-04-27,18281994591,Run,44
2026-04-28,18288231066,Run,30
2026-04-28,18295124668,Run,38
2026-05-01,18329530064,Run,48
2026-05-02,18343959796,Run,19
2026-05-03,18358820389,Run,48
2026-05-05,18389397339,Run,38
2026-05-07,18408256541,Run,26
2026-05-08,18428784897,Run,26
2026-05-09,18437360423,Run,34
2026-05-09,18437355376,WeightTraining,14
2026-05-09,18437360617,Run,28
2026-05-09,18437361322,Run,9
2026-05-10,18450397239,Run,89
2026-05-12,18473339188,Run,23
2026-05-12,18481144650,Run,16
2026-05-13,18494601381,Run,29
2026-05-14,18507765957,Run,19
2026-05-15,18513412799,Run,20
2026-05-16,18546344559,Run,23
2026-05-21,18591752618,Run,44
2026-05-23,18620566140,Run,97
2026-05-24,18630892414,Run,19
2026-05-26,18665356675,WeightTraining,2
2026-05-26,18665357332,Run,7
2026-05-30,18717683348,Run,62
2026-05-30,18717683839,Run,82
2026-05-30,18722026118,Run,144
2026-05-31,18723281089,Run,68
2026-06-06,18814561801,WeightTraining,7
2026-06-07,18819802280,Run,25
2026-06-08,18846549835,WeightTraining,5
2026-06-09,18846549985,Run,20
2026-06-10,18868756626,Run,45
2026-06-12,18887906723,Run,57
2026-06-16,18946050167,Run,37
2026-06-17,18968256858,Run,22
2026-06-19,18985587628,Run,60
2026-06-20,19001084706,Run,43
2026-06-22,19026979437,Run,4
2026-06-22,19026978305,WeightTraining,14
2026-06-22,19026983818,Run,8
2026-06-24,19052454731,Run,18
2026-06-25,19065643716,Run,29
2026-06-26,19071208057,Run,25
2026-06-28,19095787849,Run,46
2026-06-29,19129278820,Run,4
2026-06-29,19129278811,WeightTraining,7
2026-06-29,19129278879,Run,9
2026-07-01,19133274907,Run,21
2026-07-02,19156007787,Run,26
2026-07-02,19156007739,WeightTraining,6
2026-07-04,19180980172,Run,38
2026-07-04,19180980118,Run,43
2026-07-05,19192584265,Run,33
2026-07-08,19297790869,Run,2
2026-07-09,19297790662,WeightTraining,6
2026-07-11,19297790646,WeightTraining,10
2026-07-13,19353794323,Run,9
2026-07-17,19353794516,Run,29
2026-07-18,19364762057,WeightTraining,10
2026-07-19,19381445094,Run,16
2026-07-20,19409241391,WeightTraining,4
2026-07-22,19413618372,Run,9
2026-07-24,19484453229,Run,26
2026-07-27,19488210685,Run,36
2026-07-28,19603934544,WeightTraining,79
2026-08-01,19603935527,Run,36
2026-08-06,19630759989,Run,12
2026-08-08,19653696465,WeightTraining,19
2026-08-09,19671739521,WeightTraining,10
2026-08-10,19684760956,Run,21
2026-08-12,19715228649,WeightTraining,15
2026-08-13,19728501000,Run,44
2026-08-14,19742469798,WeightTraining,6
2026-08-16,19770193915,Run,40
2026-08-19,19814349740,WeightTraining,14
2026-08-21,19841014640,Run,22
2026-08-22,19848860841,Run,13
2026-08-23,19869826107,WeightTraining,5
2026-08-24,19889166712,Run,31
2026-08-26,19944256421,WeightTraining,0
2026-08-29,19944256683,Run,7
2026-08-30,19956773450,Run,419
2026-09-05,20042849809,Run,10
2026-09-10,20109926534,Run,61
2026-09-14,20174913500,Run,33
2026-09-16,20205050876,Run,18
2026-09-18,20230024490,Run,27
2026-09-19,20258194433,WeightTraining,10
2026-09-21,20270813370,Run,27
2026-09-22,20286596155,WeightTraining,12
2026-09-24,20314126911,Run,7
2026-09-26,20336464660,Run,47
